date,portfolio_value,cash,invested_value,daily_return,positions
2022-01-17 20:11:00.030202,99998.0,97998.0,2000.0,-2.0000000000020002e-05,{'SPY': 6.666666666666666}
2022-01-18 20:11:00.030202,99994.85207096486,97998.0,1996.8520709648583,-5.147929035143051e-05,{'SPY': 6.666666666666666}
2022-01-19 20:11:00.030202,100015.25056998004,97998.0,2017.2505699800386,0.0001525056998004093,{'SPY': 6.666666666666666}
2022-01-20 20:11:00.030202,100062.34418795408,97998.0,2064.344187954077,0.0006234418795407759,{'SPY': 6.666666666666666}
2022-01-21 20:11:00.030202,100051.92999192598,93798.03348017886,6253.896511747123,0.000519299919259808,{'SPY': 20.257578116828736}
2022-01-24 20:11:00.030202,100029.60928434608,97278.18120956811,2751.4280747779703,0.00029609284346077125,{'SPY': 8.939332452879913}
2022-01-25 20:11:00.030202,100093.34337538705,100093.34337538705,0.0,0.0009334337538704496,{'SPY': 0.0}
2022-01-26 20:11:00.030202,100091.34150851954,98089.47464101181,2001.8668675077352,0.0009134150851954903,{'SPY': 6.275045729053874}
2022-01-27 20:11:00.030202,100078.2450636781,98089.47464101181,1988.77042266629,0.0007824506367810624,{'SPY': 6.275045729053874}
2022-01-28 20:11:00.030202,100093.41890917912,100093.41890917912,0.0,0.0009341890917911044,{'SPY': 0.0}
2022-01-31 20:11:00.030202,100087.16307049729,93831.3243886736,6255.83868182369,0.000871630704972981,{'SPY': 19.696683692902617}
2022-02-01 20:11:00.030202,100040.37277307524,100040.37277307524,0.0,0.0004037277307524789,{'SPY': 0.0}
2022-02-02 20:11:00.030202,100038.37196561978,98037.56451015828,2000.8074554615014,0.0003837196561977674,{'SPY': 6.314648109292878}
2022-02-03 20:11:00.030202,99977.9178822326,94000.62515728682,5977.292724945786,-0.0002208211776739688,{'SPY': 19.412037937741502}
2022-02-04 20:11:00.030202,99823.17521287657,97073.78247111516,2749.392741761403,-0.0017682478712343075,{'SPY': 9.16147270008435}
2022-02-07 20:11:00.030202,99798.63309227291,99798.63309227291,0.0,-0.002013669077270852,{'SPY': 0.0}
2022-02-08 20:11:00.030202,99798.63309227291,99798.63309227291,0.0,-0.002013669077270852,{'SPY': 0.0}
2022-02-09 20:11:00.030202,99792.39567770466,93554.98110943759,6237.414568267064,-0.0020760432229534054,{'SPY': 21.152538053252616}
2022-02-10 20:11:00.030202,99704.40296859728,99704.40296859728,0.0,-0.0029559703140271676,{'SPY': 0.0}
2022-02-11 20:11:00.030202,99702.4088805379,97708.32082116595,1994.0880593719485,-0.0029759111946210393,{'SPY': 6.997057054698528}
2022-02-14 20:11:00.030202,99745.20649061364,99745.20649061364,0.0,-0.0025479350938636403,{'SPY': 0.0}
2022-02-15 20:11:00.030202,99739.24671452583,93779.47062671166,5959.776087814171,-0.00260753285474169,{'SPY': 20.51160576718259}
2022-02-16 20:11:00.030202,99744.28938942673,97749.50445513622,1994.7849342905101,-0.002557106105732676,{'SPY': 6.855028099543613}
2022-02-17 20:11:00.030202,99698.3749218853,93464.35683504613,6234.018086839176,-0.0030162507811469785,{'SPY': 21.87970201044985}
2022-02-18 20:11:00.030202,99650.58655466593,93464.35683504613,6186.229719619805,-0.0034941344533406804,{'SPY': 21.87970201044985}
2022-02-21 20:11:00.030202,99659.76595484864,97666.75422375533,1993.0117310933128,-0.0034023404515135525,{'SPY': 7.033742851558236}
2022-02-22 20:11:00.030202,99626.35330518096,97666.75422375533,1959.5990814256365,-0.003736466948190409,{'SPY': 7.033742851558236}
2022-02-23 20:11:00.030202,99636.40474495298,99636.40474495298,0.0,-0.003635952550470223,{'SPY': 0.0}
2022-02-24 20:11:00.030202,99634.41201685808,97641.68392195902,1992.7280948990665,-0.0036558798314191288,{'SPY': 7.17005226464999}
2022-02-25 20:11:00.030202,99626.68938595074,97641.68392195902,1985.0054639917216,-0.0037331061404926036,{'SPY': 7.17005226464999}
2022-02-28 20:11:00.030202,99605.78141240003,93653.08672158947,5952.69469081056,-0.003942185875999704,{'SPY': 21.68666235160212}
2022-03-01 20:11:00.030202,99770.76655472087,97031.60756587987,2739.158988841009,-0.0022923344527912004,{'SPY': 9.704724226217241}
2022-03-02 20:11:00.030202,99771.58156854831,97031.60756587987,2739.974002668445,-0.002284184314516935,{'SPY': 9.704724226217241}
2022-03-03 20:11:00.030202,99726.78217635152,99726.78217635152,0.0,-0.0027321782364847502,{'SPY': 0.0}
2022-03-04 20:11:00.030202,99726.78217635152,99726.78217635152,0.0,-0.0027321782364847502,{'SPY': 0.0}
2022-03-07 20:11:00.030202,99726.78217635152,99726.78217635152,0.0,-0.0027321782364847502,{'SPY': 0.0}
2022-03-08 20:11:00.030202,99724.787640708,97730.25199718097,1994.5356435270369,-0.002752123592919986,{'SPY': 7.186116829519875}
2022-03-09 20:11:00.030202,99662.8595340604,93430.06030651614,6232.799227544252,-0.0033714046593961156,{'SPY': 23.124345111120427}
2022-03-10 20:11:00.030202,99535.68943810755,99535.68943810755,0.0,-0.004643105618924448,{'SPY': 0.0}
2022-03-11 20:11:00.030202,99535.68943810755,99535.68943810755,0.0,-0.004643105618924448,{'SPY': 0.0}
2022-03-14 20:11:00.030202,99529.46845751768,93308.48786763595,6220.9805898817285,-0.00470531542482322,{'SPY': 23.188219871410997}
2022-03-15 20:11:00.030202,99548.57012907768,93308.48786763595,6240.082261441727,-0.004514298709223263,{'SPY': 23.188219871410997}
2022-03-16 20:11:00.030202,99534.6329707953,99534.6329707953,0.0,-0.004653670292046996,{'SPY': 0.0}
2022-03-17 20:11:00.030202,99531.8957683886,96794.69336169172,2737.2024066968734,-0.0046810423161139925,{'SPY': 10.225120945597158}
2022-03-18 20:11:00.030202,99472.55916033612,96794.69336169172,2677.8657986444014,-0.00527440839663873,{'SPY': 10.225120945597158}
2022-03-21 20:11:00.030202,99444.98340044526,96794.69336169172,2650.2900387535337,-0.005550165995547474,{'SPY': 10.225120945597158}
2022-03-22 20:11:00.030202,99427.99615027256,96794.69336169172,2633.3027885808406,-0.005720038497274316,{'SPY': 10.225120945597158}
2022-03-23 20:11:00.030202,99468.39226997588,99468.39226997588,0.0,-0.005316077300241195,{'SPY': 0.0}
2022-03-24 20:11:00.030202,99466.40290213049,97477.03505673097,1989.3678453995235,-0.005335970978695093,{'SPY': 7.557668408541172}
2022-03-25 20:11:00.030202,99410.5086574418,93193.85847605864,6216.650181383156,-0.005894913425582016,{'SPY': 24.24632698021821}
2022-03-28 20:11:00.030202,99437.58775328283,99437.58775328283,0.0,-0.005624122467171699,{'SPY': 0.0}
2022-03-29 20:11:00.030202,99435.59900152776,97446.8472464621,1988.751755065663,-0.005644009984722365,{'SPY': 7.75613685481987}
2022-03-30 20:11:00.030202,99416.39993016302,97446.8472464621,1969.5526837009238,-0.005836000698369759,{'SPY': 7.75613685481987}
2022-03-31 20:11:00.030202,99431.23072004307,93217.70572440788,6213.524995635191,-0.005687692799569377,{'SPY': 24.234510150323196}
2022-04-01 20:11:00.030202,99524.11687821595,99524.11687821595,0.0,-0.004758831217840487,{'SPY': 0.0}
2022-04-04 20:11:00.030202,99524.11687821595,99524.11687821595,0.0,-0.004758831217840487,{'SPY': 0.0}
2022-04-05 20:11:00.030202,99524.11687821595,99524.11687821595,0.0,-0.004758831217840487,{'SPY': 0.0}
2022-04-06 20:11:00.030202,99518.17031223248,93571.60432875909,5946.565983473396,-0.00481829687767521,{'SPY': 22.873235557382614}
2022-04-07 20:11:00.030202,99546.7030689575,97556.33966271285,1990.3634062446508,-0.004532969310424906,{'SPY': 7.61421392611957}
2022-04-08 20:11:00.030202,99572.8961589125,93624.98065054229,5947.915508370206,-0.004271038410875061,{'SPY': 22.41477918855331}
2022-04-11 20:11:00.030202,99529.94891495576,96791.69427058566,2738.2546443700994,-0.004700510850442319,{'SPY': 10.388615106643277}
2022-04-12 20:11:00.030202,99523.69231895116,96791.69427058566,2731.9980483654945,-0.004763076810488376,{'SPY': 10.388615106643277}
2022-04-13 20:11:00.030202,99477.03271665545,99477.03271665545,0.0,-0.005229672833445553,{'SPY': 0.0}
2022-04-14 20:11:00.030202,99477.03271665545,99477.03271665545,0.0,-0.005229672833445553,{'SPY': 0.0}
2022-04-15 20:11:00.030202,99475.04317600111,97485.50252166801,1989.5406543331046,-0.0052495682399889,{'SPY': 7.727581730862586}
2022-04-18 20:11:00.030202,99516.51236643642,97485.50252166801,2031.009844768414,-0.004834876335635729,{'SPY': 7.727581730862586}
2022-04-19 20:11:00.030202,99511.14412189882,93291.36209899654,6219.782022902276,-0.004888558781011798,{'SPY': 23.67875004873233}
2022-04-20 20:11:00.030202,99604.30038928705,96867.74392593483,2736.5564633522154,-0.003956996107129518,{'SPY': 10.25853704588446}
2022-04-21 20:11:00.030202,99620.5132285446,96867.74392593483,2752.7693026097695,-0.003794867714553951,{'SPY': 10.25853704588446}
2022-04-22 20:11:00.030202,99595.25162534114,96867.74392593483,2727.507699406313,-0.004047483746588587,{'SPY': 10.25853704588446}
2022-04-25 20:11:00.030202,99611.40101863918,96867.74392593483,2743.6570927043504,-0.003885989813608215,{'SPY': 10.25853704588446}
2022-04-26 20:11:00.030202,99676.07052120188,96867.74392593483,2808.326595267048,-0.0032392947879812395,{'SPY': 10.25853704588446}
2022-04-27 20:11:00.030202,99675.96551622299,96867.74392593483,2808.221590288158,-0.003240344837770137,{'SPY': 10.25853704588446}
2022-04-28 20:11:00.030202,99739.92340429635,93510.1755595324,6229.747844763944,-0.0026007659570365105,{'SPY': 22.224778384064763}
2022-04-29 20:11:00.030202,99494.23974799886,97499.44127991293,1994.7984680859227,-0.005057602520011417,{'SPY': 7.403728882559758}
2022-05-02 20:11:00.030202,99519.83009508257,97499.44127991293,2020.38881516963,-0.004801699049174379,{'SPY': 7.403728882559758}
2022-05-03 20:11:00.030202,99519.28237099854,93299.29299005588,6219.989380942658,-0.004807176290014592,{'SPY': 22.75211077709162}
2022-05-04 20:11:00.030202,99494.49502751819,93299.29299005588,6195.20203746231,-0.005055049724818073,{'SPY': 22.75211077709162}
2022-05-05 20:11:00.030202,99499.91294999648,99499.91294999648,0.0,-0.0050008705000352816,{'SPY': 0.0}
2022-05-06 20:11:00.030202,99497.17670239035,96760.92909626545,2736.2476061249035,-0.005028232976096447,{'SPY': 10.333048977653199}
2022-05-09 20:11:00.030202,99486.80007645521,99486.80007645521,0.0,-0.005131999235447826,{'SPY': 0.0}
2022-05-10 20:11:00.030202,99486.80007645521,99486.80007645521,0.0,-0.005131999235447826,{'SPY': 0.0}
2022-05-11 20:11:00.030202,99480.58215145044,93262.65714667199,6217.925004778444,-0.005194178485495637,{'SPY': 22.890918035446877}
2022-05-12 20:11:00.030202,99429.17993822426,99429.17993822426,0.0,-0.005708200617757342,{'SPY': 0.0}
2022-05-13 20:11:00.030202,99427.1913546255,97438.60775586101,1988.5835987644823,-0.005728086453745007,{'SPY': 7.461248683038098}
2022-05-16 20:11:00.030202,99413.21885901333,97438.60775586101,1974.6111031523178,-0.005867811409866697,{'SPY': 7.461248683038098}
2022-05-17 20:11:00.030202,99439.31690049038,99439.31690049038,0.0,-0.00560683099509629,{'SPY': 0.0}
2022-05-18 20:11:00.030202,99437.32811415236,97448.54177614255,1988.7863380098133,-0.005626718858476432,{'SPY': 7.369343282755184}
2022-05-19 20:11:00.030202,99422.51880948627,97448.54177614255,1973.977033343719,-0.005774811905137289,{'SPY': 7.369343282755184}
2022-05-20 20:11:00.030202,99438.70346987687,97448.54177614255,1990.1616937343206,-0.005612965301231343,{'SPY': 7.369343282755184}
2022-05-23 20:11:00.030202,99442.59655102425,97448.54177614255,1994.0547748817044,-0.005574034489757462,{'SPY': 7.369343282755184}
2022-05-24 20:11:00.030202,99472.56654593976,97448.54177614255,2024.0247697972081,-0.005274334540602443,{'SPY': 7.369343282755184}
2022-05-25 20:11:00.030202,99452.26396554885,97448.54177614255,2003.7221894062968,-0.005477360344511517,{'SPY': 7.369343282755184}
2022-05-26 20:11:00.030202,99439.196777331,93223.4302794842,6215.766497846809,-0.00560803222668993,{'SPY': 22.961888143766664}
2022-05-27 20:11:00.030202,99401.55233809863,97412.76840255201,1988.783935546613,-0.00598447661901369,{'SPY': 7.386590607250671}
2022-05-30 20:11:00.030202,99356.94138569,99356.94138569,0.0,-0.006430586143099881,{'SPY': 0.0}
2022-05-31 20:11:00.030202,99354.2090698019,96621.89318169543,2732.3158881064737,-0.00645790930198098,{'SPY': 10.319641463297739}
2022-06-01 20:11:00.030202,99366.27450976372,96621.89318169543,2744.3813280682953,-0.00633725490236281,{'SPY': 10.319641463297739}
2022-06-02 20:11:00.030202,99365.11123553387,99365.11123553387,0.0,-0.00634888764466135,{'SPY': 0.0}
2022-06-03 20:11:00.030202,99365.11123553387,99365.11123553387,0.0,-0.00634888764466135,{'SPY': 0.0}
2022-06-06 20:11:00.030202,99365.11123553387,99365.11123553387,0.0,-0.00634888764466135,{'SPY': 0.0}
2022-06-07 20:11:00.030202,99363.12393330917,97375.8217085985,1987.302224710671,-0.006368760666908391,{'SPY': 7.69440404373308}
2022-06-08 20:11:00.030202,99349.9425576655,93412.99590265028,5936.946655015228,-0.006500574423344951,{'SPY': 23.093743887133485}
2022-06-09 20:11:00.030202,99277.58340062757,97290.58454947425,1986.9988511533156,-0.00722416599372433,{'SPY': 7.819286908057858}
2022-06-10 20:11:00.030202,99271.7865969636,99271.7865969636,0.0,-0.007282134030363929,{'SPY': 0.0}
2022-06-13 20:11:00.030202,99269.80116123166,97284.36542929239,1985.435731939273,-0.007301988387683367,{'SPY': 7.777136212053844}
2022-06-14 20:11:00.030202,99326.96739237779,97284.36542929239,2042.601963085399,-0.006730326076222148,{'SPY': 7.777136212053844}
2022-06-15 20:11:00.030202,99331.28861594854,99331.28861594854,0.0,-0.00668711384051468,{'SPY': 0.0}
2022-06-16 20:11:00.030202,99329.30199017622,97342.67621785724,1986.6257723189774,-0.006706980098237891,{'SPY': 7.50773435236204}
2022-06-17 20:11:00.030202,99328.0768604388,97342.67621785724,1985.4006425815605,-0.006719231395612035,{'SPY': 7.50773435236204}
2022-06-20 20:11:00.030202,99267.64786229782,93059.64305852039,6208.004803777425,-0.007323521377021858,{'SPY': 24.158632260923195}
2022-06-21 20:11:00.030202,99264.05960383243,97278.70664658648,1985.352957245952,-0.00735940396167567,{'SPY': 7.725268867037247}
2022-06-22 20:11:00.030202,99266.84595369239,97278.70664658648,1988.1393071059138,-0.007331540463076047,{'SPY': 7.725268867037247}
2022-06-23 20:11:00.030202,99341.2990503472,97278.70664658648,2062.5924037607183,-0.006587009496528018,{'SPY': 7.725268867037247}
2022-06-24 20:11:00.030202,99334.32124031203,99334.32124031203,0.0,-0.00665678759687971,{'SPY': 8.881784197001252e-16}
2022-06-27 20:11:00.030202,99334.32124031203,99334.32124031203,0.0,-0.00665678759687971,{'SPY': 8.881784197001252e-16}
2022-06-28 20:11:00.030202,99334.32124031203,99334.32124031203,0.0,-0.00665678759687971,{'SPY': 8.881784197001252e-16}
2022-06-29 20:11:00.030202,99334.32124031203,99334.32124031203,0.0,-0.00665678759687971,{'SPY': 8.881784197001252e-16}
2022-06-30 20:11:00.030202,99328.11284523451,93119.71776771502,6208.395077519497,-0.0067188715476548255,{'SPY': 23.185383111637915}
2022-07-01 20:11:00.030202,99394.95997911949,99394.95997911949,0.0,-0.006050400208805096,{'SPY': 0.0}
2022-07-04 20:11:00.030202,99392.97207991991,97405.07288033752,1987.899199582389,-0.006070279200800832,{'SPY': 7.24780170058172}
2022-07-05 20:11:00.030202,99364.88769402697,99364.88769402697,0.0,-0.00635112305973029,{'SPY': 0.0}
2022-07-06 20:11:00.030202,99364.88769402697,99364.88769402697,0.0,-0.00635112305973029,{'SPY': 0.0}
2022-07-07 20:11:00.030202,99364.88769402697,99364.88769402697,0.0,-0.00635112305973029,{'SPY': 0.0}
2022-07-08 20:11:00.030202,99364.88769402697,99364.88769402697,0.0,-0.00635112305973029,{'SPY': 0.0}
2022-07-11 20:11:00.030202,99362.9003962731,97375.60264239255,1987.2977538805426,-0.006370996037269094,{'SPY': 7.035574367271184}
2022-07-12 20:11:00.030202,99330.11526870777,93119.93399394071,6210.181274767063,-0.0066988473129222514,{'SPY': 22.30600073388716}
2022-07-13 20:11:00.030202,99274.30765180825,99274.30765180825,0.0,-0.007256923481917421,{'SPY': 0.0}
2022-07-14 20:11:00.030202,99274.30765180825,99274.30765180825,0.0,-0.007256923481917421,{'SPY': 0.0}
2022-07-15 20:11:00.030202,99268.10300758001,93063.45877934199,6204.644228238016,-0.007318969924199892,{'SPY': 22.580227997400346}
2022-07-18 20:11:00.030202,99123.55205208753,96393.67921937908,2729.8728327084536,-0.008764479479124732,{'SPY': 10.166058357401116}
2022-07-19 20:11:00.030202,99124.99046624551,99124.99046624551,0.0,-0.008750095337544894,{'SPY': 0.0}
2022-07-20 20:11:00.030202,99123.00796643618,97140.50815711127,1982.499809324916,-0.00876992033563817,{'SPY': 7.487131462327083}
2022-07-21 20:11:00.030202,99138.08266989232,97140.50815711127,1997.5745127810515,-0.008619173301076755,{'SPY': 7.487131462327083}
2022-07-22 20:11:00.030202,99109.56115687384,99109.56115687384,0.0,-0.008904388431261623,{'SPY': 0.0}
2022-07-25 20:11:00.030202,99107.5789656507,97125.38774251322,1982.1912231374736,-0.008924210343493,{'SPY': 7.354880019727386}
2022-07-26 20:11:00.030202,99083.3218002871,99083.3218002871,0.0,-0.009166781997128948,{'SPY': 0.0}
2022-07-27 20:11:00.030202,99081.34013385109,97099.67369784534,1981.6664360057475,-0.009186598661489076,{'SPY': 7.468932836905755}
2022-07-28 20:11:00.030202,99102.5994925334,93182.48941953579,5920.110072997602,-0.008974005074666058,{'SPY': 22.033109320097587}
2022-07-29 20:11:00.030202,98992.42504864206,97010.3730587914,1982.051989850661,-0.010075749513579368,{'SPY': 7.511612622769354}
2022-08-01 20:11:00.030202,98998.18883029981,98998.18883029981,0.0,-0.010018111697001841,{'SPY': 0.0}
2022-08-02 20:11:00.030202,98998.18883029981,98998.18883029981,0.0,-0.010018111697001841,{'SPY': 0.0}
2022-08-03 20:11:00.030202,98995.46638010698,96273.01618727374,2722.4501928332465,-0.01004533619893011,{'SPY': 10.318447808863967}
2022-08-04 20:11:00.030202,99001.63610119469,99001.63610119469,0.0,-0.0099836389880531,{'SPY': 0.0}
2022-08-05 20:11:00.030202,99001.63610119469,99001.63610119469,0.0,-0.0099836389880531,{'SPY': 0.0}
2022-08-08 20:11:00.030202,99001.63610119469,99001.63610119469,0.0,-0.0099836389880531,{'SPY': 0.0}
2022-08-09 20:11:00.030202,98995.72075343764,93080.37299639125,5915.347757046387,-0.010042792465623673,{'SPY': 22.38440725107956}
2022-08-10 20:11:00.030202,98877.69279973398,96897.77838466523,1979.9144150687498,-0.01122307200266015,{'SPY': 7.639740244257709}
2022-08-11 20:11:00.030202,98890.00030095207,92710.1445009687,6179.855799983372,-0.011099996990479255,{'SPY': 23.64875082278887}
2022-08-12 20:11:00.030202,98920.62006568286,92710.1445009687,6210.475564714157,-0.010793799343171373,{'SPY': 23.64875082278887}
2022-08-15 20:11:00.030202,98942.80199576129,96964.38959444762,1978.4124013136607,-0.01057198004238713,{'SPY': 7.501621300569436}
2022-08-16 20:11:00.030202,98952.08278060413,98952.08278060413,0.0,-0.010479172193958664,{'SPY': 0.0}
2022-08-17 20:11:00.030202,98952.08278060413,98952.08278060413,0.0,-0.010479172193958664,{'SPY': 0.0}
2022-08-18 20:11:00.030202,98952.08278060413,98952.08278060413,0.0,-0.010479172193958664,{'SPY': 0.0}
2022-08-19 20:11:00.030202,98950.10373894853,96971.06208333645,1979.0416556120763,-0.01049896261051475,{'SPY': 7.46812763622187}
2022-08-22 20:11:00.030202,98929.88729158105,96971.06208333645,1958.825208244598,-0.010701127084189466,{'SPY': 7.46812763622187}
2022-08-23 20:11:00.030202,98985.68759636513,96971.06208333645,2014.6255130286736,-0.01014312403634876,{'SPY': 7.46812763622187}
2022-08-24 20:11:00.030202,98998.98389572822,98998.98389572822,0.0,-0.010010161042717791,{'SPY': 0.0}
2022-08-25 20:11:00.030202,98998.98389572822,98998.98389572822,0.0,-0.010010161042717791,{'SPY': 0.0}
2022-08-26 20:11:00.030202,98998.98389572822,98998.98389572822,0.0,-0.010010161042717791,{'SPY': 0.0}
2022-08-29 20:11:00.030202,98998.98389572822,98998.98389572822,0.0,-0.010010161042717791,{'SPY': 0.0}
2022-08-30 20:11:00.030202,98998.98389572822,98998.98389572822,0.0,-0.010010161042717791,{'SPY': 0.0}
2022-08-31 20:11:00.030202,98992.79645923474,92805.35996575173,6187.436493483008,-0.010072035407652558,{'SPY': 22.570616637644775}
2022-09-01 20:11:00.030202,98913.60702017377,98913.60702017377,0.0,-0.010863929798262228,{'SPY': 0.0}
2022-09-02 20:11:00.030202,98913.60702017377,98913.60702017377,0.0,-0.010863929798262228,{'SPY': 0.0}
2022-09-05 20:11:00.030202,98907.42491973501,92725.32448097416,6182.1004387608555,-0.010925750802649903,{'SPY': 22.335051511634756}
2022-09-06 20:11:00.030202,98986.74684709124,92725.32448097416,6261.422366117084,-0.010132531529087552,{'SPY': 22.335051511634756}
2022-09-07 20:11:00.030202,99161.58418594918,99161.58418594918,0.0,-0.008384158140508191,{'SPY': 0.0}
2022-09-08 20:11:00.030202,99159.60095426546,97176.36927054648,1983.2316837189865,-0.0084039904573453,{'SPY': 6.897249779895949}
2022-09-09 20:11:00.030202,99136.2082676746,99136.2082676746,0.0,-0.008637917323253919,{'SPY': 0.0}
2022-09-12 20:11:00.030202,99136.2082676746,99136.2082676746,0.0,-0.008637917323253919,{'SPY': 0.0}
2022-09-13 20:11:00.030202,99134.22554350925,97151.50137815576,1982.7241653534875,-0.008657744564907532,{'SPY': 7.145366747676998}
2022-09-14 20:11:00.030202,99130.94241179916,99130.94241179916,0.0,-0.008690575882008389,{'SPY': 0.0}
2022-09-15 20:11:00.030202,99130.94241179916,99130.94241179916,0.0,-0.008690575882008389,{'SPY': 0.0}
2022-09-16 20:11:00.030202,99124.74672789843,92929.06282716097,6195.683900737451,-0.008752532721015727,{'SPY': 22.115105923577985}
2022-09-19 20:11:00.030202,99198.4434027022,99198.4434027022,0.0,-0.008015565972977923,{'SPY': 0.0}
2022-09-20 20:11:00.030202,99198.4434027022,99198.4434027022,0.0,-0.008015565972977923,{'SPY': 0.0}
2022-09-21 20:11:00.030202,99198.4434027022,99198.4434027022,0.0,-0.008015565972977923,{'SPY': 0.0}
2022-09-22 20:11:00.030202,99196.45943383416,97212.49056578011,1983.968868054042,-0.00803540566165839,{'SPY': 6.857927779100225}
2022-09-23 20:11:00.030202,99276.33647058687,99276.33647058687,0.0,-0.007236635294131211,{'SPY': 0.0}
2022-09-26 20:11:00.030202,99276.33647058687,99276.33647058687,0.0,-0.007236635294131211,{'SPY': 0.0}
2022-09-27 20:11:00.030202,99276.33647058687,99276.33647058687,0.0,-0.007236635294131211,{'SPY': 0.0}
2022-09-28 20:11:00.030202,99270.13169955746,93065.36067014578,6204.771029411684,-0.007298683004425377,{'SPY': 20.977192985090408}
2022-09-29 20:11:00.030202,99311.88577016314,99311.88577016314,0.0,-0.00688114229836867,{'SPY': 0.0}
2022-09-30 20:11:00.030202,99305.6787773025,93098.68591666731,6206.99286063519,-0.006943212226975026,{'SPY': 20.883148195216606}
2022-10-03 20:11:00.030202,99370.96875355157,97384.85517800551,1986.1135755460564,-0.0062903124644843045,{'SPY': 6.608112766418611}
2022-10-04 20:11:00.030202,99384.05916021131,99384.05916021131,0.0,-0.0061594083978868674,{'SPY': 0.0}
2022-10-05 20:11:00.030202,99384.05916021131,99384.05916021131,0.0,-0.0061594083978868674,{'SPY': 0.0}
2022-10-06 20:11:00.030202,99384.05916021131,99384.05916021131,0.0,-0.0061594083978868674,{'SPY': 0.0}
2022-10-07 20:11:00.030202,99384.05916021131,99384.05916021131,0.0,-0.0061594083978868674,{'SPY': 0.0}
2022-10-10 20:11:00.030202,99384.05916021131,99384.05916021131,0.0,-0.0061594083978868674,{'SPY': 0.0}
2022-10-11 20:11:00.030202,99378.12096267649,93439.92342785386,5938.197534822626,-0.006218790373235139,{'SPY': 20.17121068090072}
2022-10-12 20:11:00.030202,99396.18735141963,97408.6249321661,1987.5624192535324,-0.006038126485803708,{'SPY': 6.7265014807259345}
2022-10-13 20:11:00.030202,99358.08996247088,99358.08996247088,0.0,-0.006419100375291142,{'SPY': 0.0}
2022-10-14 20:11:00.030202,99358.08996247088,99358.08996247088,0.0,-0.006419100375291142,{'SPY': 0.0}
2022-10-17 20:11:00.030202,99356.10280067164,97368.94100142222,1987.161799249414,-0.006438971993283582,{'SPY': 6.785948080698011}
2022-10-18 20:11:00.030202,99328.78905570909,99328.78905570909,0.0,-0.00671210944290912,{'SPY': 0.0}
2022-10-19 20:11:00.030202,99328.78905570909,99328.78905570909,0.0,-0.00671210944290912,{'SPY': 0.0}
2022-10-20 20:11:00.030202,99326.80247992797,97340.22669881379,1986.5757811141812,-0.00673197520072033,{'SPY': 6.842990716876119}
2022-10-21 20:11:00.030202,99291.78330102316,99291.78330102316,0.0,-0.00708216698976849,{'SPY': 0.0}
2022-10-24 20:11:00.030202,99289.79746535713,97303.96179933667,1985.835666020459,-0.007102025346428675,{'SPY': 6.9156517455942685}
2022-10-25 20:11:00.030202,99307.49477189136,97303.96179933667,2003.5329725546908,-0.006925052281086419,{'SPY': 6.9156517455942685}
2022-10-26 20:11:00.030202,99341.04547152766,97303.96179933667,2037.0836721909873,-0.0065895452847234415,{'SPY': 6.9156517455942685}
2022-10-27 20:11:00.030202,99372.19395521424,99372.19395521424,0.0,-0.006278060447857614,{'SPY': 0.0}
2022-10-28 20:11:00.030202,99370.20651133513,97382.76263223085,1987.4438791042776,-0.0062979348866487594,{'SPY': 6.775498614782982}
2022-10-31 20:11:00.030202,99341.28163426442,99341.28163426442,0.0,-0.006587183657355777,{'SPY': 0.0}
2022-11-01 20:11:00.030202,99341.28163426442,99341.28163426442,0.0,-0.006587183657355777,{'SPY': 0.0}
2022-11-02 20:11:00.030202,99335.07280416228,93126.24270202075,6208.830102141525,-0.0066492719583771676,{'SPY': 21.109669212407603}
2022-11-03 20:11:00.030202,99379.8849707241,99379.8849707241,0.0,-0.006201150292759028,{'SPY': 0.0}
2022-11-04 20:11:00.030202,99379.8849707241,99379.8849707241,0.0,-0.006201150292759028,{'SPY': 0.0}
2022-11-07 20:11:00.030202,99379.8849707241,99379.8849707241,0.0,-0.006201150292759028,{'SPY': 0.0}
2022-11-08 20:11:00.030202,99379.8849707241,99379.8849707241,0.0,-0.006201150292759028,{'SPY': 0.0}
2022-11-09 20:11:00.030202,99379.8849707241,99379.8849707241,0.0,-0.006201150292759028,{'SPY': 0.0}
2022-11-10 20:11:00.030202,99379.8849707241,99379.8849707241,0.0,-0.006201150292759028,{'SPY': 0.0}
2022-11-11 20:11:00.030202,99377.8973730247,97390.2996736102,1987.5976994144876,-0.006221026269753072,{'SPY': 6.042102566556442}
2022-11-14 20:11:00.030202,99401.51905402308,97390.2996736102,2011.2193804128765,-0.0059848094597692025,{'SPY': 6.042102566556442}
2022-11-15 20:11:00.030202,99377.22093780169,99377.22093780169,0.0,-0.006227790621983198,{'SPY': 0.0}
2022-11-16 20:11:00.030202,99377.22093780169,99377.22093780169,0.0,-0.006227790621983198,{'SPY': 0.0}
2022-11-17 20:11:00.030202,99374.4880642259,96641.61448843635,2732.8735757895483,-0.006255119357741035,{'SPY': 8.384454696784521}
2022-11-18 20:11:00.030202,99379.21077609483,96641.61448843635,2737.5962876584817,-0.0062078922390517155,{'SPY': 8.384454696784521}
2022-11-21 20:11:00.030202,99472.79457063219,99472.79457063219,0.0,-0.005272054293678052,{'SPY': 0.0}
2022-11-22 20:11:00.030202,99470.80511474078,97481.34922332814,1989.4558914126392,-0.00529194885259221,{'SPY': 6.052315099834635}
2022-11-23 20:11:00.030202,99492.27910836822,97481.34922332814,2010.929885040081,-0.005077208916317799,{'SPY': 6.052315099834635}
2022-11-24 20:11:00.030202,99442.67540571708,99442.67540571708,0.0,-0.0055732459428292636,{'SPY': 0.0}
2022-11-25 20:11:00.030202,99442.67540571708,99442.67540571708,0.0,-0.0055732459428292636,{'SPY': 0.0}
2022-11-28 20:11:00.030202,99442.67540571708,99442.67540571708,0.0,-0.0055732459428292636,{'SPY': 0.0}
2022-11-29 20:11:00.030202,99442.67540571708,99442.67540571708,0.0,-0.0055732459428292636,{'SPY': 0.0}
2022-11-30 20:11:00.030202,99436.73370586158,93495.03385036999,5941.699855491592,-0.005632662941384203,{'SPY': 18.394438991027616}
2022-12-01 20:11:00.030202,99372.06057236808,97383.32589825084,1988.7346741172369,-0.0062793942763191835,{'SPY': 6.220398413186118}
2022-12-02 20:11:00.030202,99391.31803168594,99391.31803168594,0.0,-0.006086819683140621,{'SPY': 0.0}
2022-12-05 20:11:00.030202,99391.31803168594,99391.31803168594,0.0,-0.006086819683140621,{'SPY': 0.0}
2022-12-06 20:11:00.030202,99388.58477044007,96655.3235245687,2733.26124587137,-0.006114152295599307,{'SPY': 8.516149745971358}
2022-12-07 20:11:00.030202,99389.08330094902,99389.08330094902,0.0,-0.0061091669905097845,{'SPY': 0.0}
2022-12-08 20:11:00.030202,99387.095519283,97399.31385326402,1987.7816660189856,-0.006129044807170025,{'SPY': 6.244009438307528}
2022-12-09 20:11:00.030202,99447.85580890017,93236.16233894498,6211.693469955193,-0.005521441910998237,{'SPY': 18.895042986694705}
2022-12-12 20:11:00.030202,99510.02731540635,93236.16233894498,6273.864976461366,-0.004899726845936536,{'SPY': 18.895042986694705}
2022-12-13 20:11:00.030202,99318.48596139756,97328.28541508943,1990.2005463081296,-0.0068151403860243764,{'SPY': 6.1784966946735}
2022-12-14 20:11:00.030202,99325.04728385745,97328.28541508943,1996.7618687680224,-0.006749527161425517,{'SPY': 6.1784966946735}
2022-12-15 20:11:00.030202,99306.22421512008,97328.28541508943,1977.9388000306499,-0.006937757848799242,{'SPY': 6.1784966946735}
2022-12-16 20:11:00.030202,99330.49988034615,99330.49988034615,0.0,-0.006695001196538541,{'SPY': 0.0}
2022-12-19 20:11:00.030202,99330.49988034615,99330.49988034615,0.0,-0.006695001196538541,{'SPY': 0.0}
2022-12-20 20:11:00.030202,99330.49988034615,99330.49988034615,0.0,-0.006695001196538541,{'SPY': 0.0}
2022-12-21 20:11:00.030202,99328.51327034854,97341.90327274162,1986.6099976069236,-0.006714867296514604,{'SPY': 6.152650188533216}
2022-12-22 20:11:00.030202,99355.30534421062,97341.90327274162,2013.4020714689977,-0.006446946557893796,{'SPY': 6.152650188533216}
2022-12-23 20:11:00.030202,99318.08369757781,99318.08369757781,0.0,-0.006819163024221919,{'SPY': 0.0}
2022-12-26 20:11:00.030202,99316.09733590386,97329.7356619523,1986.3616739515564,-0.006839026640961365,{'SPY': 6.2062008200376555}
2022-12-27 20:11:00.030202,99300.9661156338,99300.9661156338,0.0,-0.0069903388436620695,{'SPY': 0.0}
2022-12-28 20:11:00.030202,99300.9661156338,99300.9661156338,0.0,-0.0069903388436620695,{'SPY': 0.0}
2022-12-29 20:11:00.030202,99300.9661156338,99300.9661156338,0.0,-0.0069903388436620695,{'SPY': 0.0}
2022-12-30 20:11:00.030202,99300.9661156338,99300.9661156338,0.0,-0.0069903388436620695,{'SPY': 0.0}
2023-01-02 20:11:00.030202,99298.98009631148,97312.96077399881,1986.0193223126698,-0.007010199036885156,{'SPY': 6.21380663580136}
2023-01-03 20:11:00.030202,99323.12464885303,93116.93839283356,6206.186256019471,-0.006768753511469661,{'SPY': 19.14460352617946}
2023-01-04 20:11:00.030202,99517.37834452794,99517.37834452794,0.0,-0.004826216554720597,{'SPY': 0.0}
2023-01-05 20:11:00.030202,99517.37834452794,99517.37834452794,0.0,-0.004826216554720597,{'SPY': 0.0}
2023-01-06 20:11:00.030202,99511.43218117185,93565.26882508631,5946.163356085541,-0.00488567818828145,{'SPY': 17.887140517258395}
2023-01-09 20:11:00.030202,99471.21523935223,93565.26882508631,5905.946414265913,-0.005287847606477714,{'SPY': 17.887140517258395}
2023-01-10 20:11:00.030202,99580.3817189125,99580.3817189125,0.0,-0.004196182810875082,{'SPY': 0.0}
2023-01-11 20:11:00.030202,99577.64325841522,96839.18276114513,2738.460497270091,-0.00422356741584784,{'SPY': 8.218345211463836}
2023-01-12 20:11:00.030202,99597.24321824235,96839.18276114513,2758.060457097221,-0.004027567817576516,{'SPY': 8.218345211463836}
2023-01-13 20:11:00.030202,99627.87807494256,99627.87807494256,0.0,-0.003721219250574337,{'SPY': 0.0}
2023-01-16 20:11:00.030202,99625.1383082955,96885.37166123457,2739.7666470609256,-0.003748616917044978,{'SPY': 8.175663466512512}
2023-01-17 20:11:00.030202,99621.32321759453,99621.32321759453,0.0,-0.0037867678240547376,{'SPY': 0.0}
2023-01-18 20:11:00.030202,99619.33079113018,97626.9043267783,1992.4264643518836,-0.003806692088698216,{'SPY': 6.248557049038524}
2023-01-19 20:11:00.030202,99585.44834791456,93359.24017346892,6226.208174445637,-0.004145516520854486,{'SPY': 19.82100563883907}
2023-01-20 20:11:00.030202,99560.75929948641,97569.05033252812,1991.7089669582929,-0.004392407005135879,{'SPY': 6.361484406355709}
2023-01-23 20:11:00.030202,99524.4768396848,97569.05033252812,1955.426507156677,-0.004755231603152055,{'SPY': 6.361484406355709}
2023-01-24 20:11:00.030202,99573.33545795274,97569.05033252812,2004.2851254246198,-0.0042666454204726145,{'SPY': 6.361484406355709}
2023-01-25 20:11:00.030202,99531.34143414893,97569.05033252812,1962.291101620809,-0.004686585658510767,{'SPY': 6.361484406355709}
2023-01-26 20:11:00.030202,99519.3701489913,97569.05033252812,1950.3198164631758,-0.00480629851008707,{'SPY': 6.361484406355709}
2023-01-27 20:11:00.030202,99524.17009797998,97569.05033252812,1955.119765451862,-0.004758299020200196,{'SPY': 6.361484406355709}
2023-01-30 20:11:00.030202,99565.41722103201,99565.41722103201,0.0,-0.004345827789679846,{'SPY': 0.0}
2023-01-31 20:11:00.030202,99559.46818735305,93610.43450839639,5949.0336789566645,-0.004405318126469493,{'SPY': 19.34479627094215}
2023-02-01 20:11:00.030202,99662.17359489112,97670.98423114406,1991.189363747064,-0.003378264051088764,{'SPY': 6.360700326739934}
2023-02-02 20:11:00.030202,99659.23843375508,93430.35258407438,6228.885849680693,-0.0034076156624492926,{'SPY': 19.884699231096214}
2023-02-03 20:11:00.030202,99570.64729646214,93430.35258407438,6140.294712387753,-0.004293527035378664,{'SPY': 19.884699231096214}
2023-02-06 20:11:00.030202,99612.08470292564,97620.6717569964,1991.4129459292453,-0.0038791529707435934,{'SPY': 6.40140917068528}
2023-02-07 20:11:00.030202,99617.02820541705,99617.02820541705,0.0,-0.003829717945829425,{'SPY': 0.0}
2023-02-08 20:11:00.030202,99617.02820541705,99617.02820541705,0.0,-0.003829717945829425,{'SPY': 0.0}
2023-02-09 20:11:00.030202,99617.02820541705,99617.02820541705,0.0,-0.003829717945829425,{'SPY': 0.0}
2023-02-10 20:11:00.030202,99610.80214115421,93384.73787831565,6226.0642628385685,-0.0038919785884579117,{'SPY': 20.190773974036045}
2023-02-13 20:11:00.030202,99624.51666758285,93384.73787831565,6239.778789267206,-0.0037548333241714804,{'SPY': 20.190773974036045}
2023-02-14 20:11:00.030202,99686.04459335208,96946.37038499356,2739.674208358527,-0.0031395540664791444,{'SPY': 8.773555350376082}
2023-02-15 20:11:00.030202,99752.5919709345,96946.37038499356,2806.221585940948,-0.0024740802906549897,{'SPY': 8.773555350376082}
2023-02-16 20:11:00.030202,99699.13579221602,99699.13579221602,0.0,-0.003008642077839796,{'SPY': 0.0}
2023-02-17 20:11:00.030202,99697.14180950019,97703.15909365586,1993.9827158443222,-0.0030285819049981066,{'SPY': 6.1490089920718844}
2023-02-20 20:11:00.030202,99639.75236087723,97703.15909365586,1936.5932672213676,-0.0036024763912276825,{'SPY': 6.1490089920718844}
2023-02-21 20:11:00.030202,99636.31146761418,97703.15909365586,1933.1523739583208,-0.0036368853238581966,{'SPY': 6.1490089920718844}
2023-02-22 20:11:00.030202,99654.3376458665,97703.15909365586,1951.1785522106366,-0.0034566235413350244,{'SPY': 6.1490089920718844}
2023-02-23 20:11:00.030202,99663.53721472766,97703.15909365586,1960.3781210718007,-0.003364627852723401,{'SPY': 6.1490089920718844}
2023-02-24 20:11:00.030202,99646.20650606832,97703.15909365586,1943.0474124124594,-0.003537934939316756,{'SPY': 6.1490089920718844}
2023-02-27 20:11:00.030202,99636.82222393269,93408.93431730341,6227.887906629272,-0.0036317777606731383,{'SPY': 19.7607152767349}
2023-02-28 20:11:00.030202,99593.88084950222,93408.93431730341,6184.94653219881,-0.004061191504977746,{'SPY': 19.7607152767349}
2023-03-01 20:11:00.030202,99536.16211896056,99536.16211896056,0.0,-0.004638378810394306,{'SPY': 0.0}
2023-03-02 20:11:00.030202,99533.42487450229,96796.18041623087,2737.2444582714234,-0.004665751254977035,{'SPY': 8.703694778779488}
2023-03-03 20:11:00.030202,99549.45207663854,96796.18041623087,2753.2716604076704,-0.004505479233614551,{'SPY': 8.703694778779488}
2023-03-06 20:11:00.030202,99519.48615541996,99519.48615541996,0.0,-0.004805138445800439,{'SPY': 0.0}
2023-03-07 20:11:00.030202,99513.26618753525,93293.2983028215,6219.967884713755,-0.004867338124647458,{'SPY': 19.585086663166358}
2023-03-08 20:11:00.030202,99538.79531997429,99538.79531997429,0.0,-0.004612046800257064,{'SPY': 0.0}
2023-03-09 20:11:00.030202,99536.8045440679,97546.02863766841,1990.775906399489,-0.004631954559320972,{'SPY': 6.158409699991493}
2023-03-10 20:11:00.030202,99552.66492992,93605.34085841195,5947.324071508061,-0.004473350700799905,{'SPY': 18.216726009227955}
2023-03-13 20:11:00.030202,99475.8077189977,99475.8077189977,0.0,-0.005241922810023003,{'SPY': 0.0}
2023-03-14 20:11:00.030202,99475.8077189977,99475.8077189977,0.0,-0.005241922810023003,{'SPY': 0.0}
2023-03-15 20:11:00.030202,99473.81820284332,97484.30204846337,1989.5161543799477,-0.0052618179715667734,{'SPY': 6.14469874825336}
2023-03-16 20:11:00.030202,99488.81969586635,93271.70605818863,6217.113637677714,-0.005111803041336516,{'SPY': 19.018168591158748}
2023-03-17 20:11:00.030202,99483.7607659312,99483.7607659312,0.0,-0.005162392340687938,{'SPY': 0.0}
2023-03-20 20:11:00.030202,99481.77109071589,97492.09587539727,1989.6752153186244,-0.00518228909284113,{'SPY': 6.07156627724019}
2023-03-21 20:11:00.030202,99520.89800097304,97492.09587539727,2028.8021255757776,-0.0047910199902695405,{'SPY': 6.07156627724019}
2023-03-22 20:11:00.030202,99499.70144035153,93279.64531529072,6220.056125060815,-0.005002985596484599,{'SPY': 18.771857949751794}
2023-03-23 20:11:00.030202,99549.57189789477,97559.57786908773,1989.9940288070356,-0.00450428102105227,{'SPY': 5.95387793367467}
2023-03-24 20:11:00.030202,99544.53146234399,97559.57786908773,1984.9535932562576,-0.004554685376560119,{'SPY': 5.95387793367467}
2023-03-27 20:11:00.030202,99539.04263284265,97559.57786908773,1979.4647637549206,-0.0046095736715734414,{'SPY': 5.95387793367467}
2023-03-28 20:11:00.030202,99572.6572161506,97559.57786908773,2013.0793470628705,-0.004273427838493937,{'SPY': 5.95387793367467}
2023-03-29 20:11:00.030202,99596.54917458147,99596.54917458147,0.0,-0.004034508254185387,{'SPY': 0.0}
2023-03-30 20:11:00.030202,99596.54917458147,99596.54917458147,0.0,-0.004034508254185387,{'SPY': 0.0}
2023-03-31 20:11:00.030202,99594.55724359797,97602.62626010634,1991.9309834916348,-0.004054427564020302,{'SPY': 5.630379711743193}
2023-04-03 20:11:00.030202,99596.18078213352,97602.62626010634,1993.5545220271888,-0.004038192178664746,{'SPY': 5.630379711743193}
2023-04-04 20:11:00.030202,99613.63428799454,93662.76248626207,5950.871801732472,-0.003863657120054542,{'SPY': 16.62858550696023}
2023-04-05 20:11:00.030202,99585.7275815737,96846.35263865384,2739.3749429198506,-0.004142724184263091,{'SPY': 7.686595189593383}
2023-04-06 20:11:00.030202,99597.66340196718,99597.66340196718,0.0,-0.004023365980328264,{'SPY': 0.0}
2023-04-07 20:11:00.030202,99597.66340196718,99597.66340196718,0.0,-0.004023365980328264,{'SPY': 0.0}
2023-04-10 20:11:00.030202,99591.43854800456,93366.58458538161,6224.853962622947,-0.0040856145199543725,{'SPY': 17.36488632604012}
2023-04-11 20:11:00.030202,99643.83892063536,99643.83892063536,0.0,-0.0035616107936463637,{'SPY': 0.0}
2023-04-12 20:11:00.030202,99641.84604385695,97648.96926544423,1992.8767784127122,-0.003581539561430591,{'SPY': 5.573032494026031}
2023-04-13 20:11:00.030202,99701.21933833281,93473.60396059175,6227.6153777410655,-0.002987806616671862,{'SPY': 16.87723396825713}
2023-04-14 20:11:00.030202,99606.21407783321,97612.18969106655,1994.0243867666577,-0.003937859221667894,{'SPY': 5.483945167752699}
2023-04-17 20:11:00.030202,99570.8942644661,97612.18969106655,1958.7045733995474,-0.0042910573553389675,{'SPY': 5.483945167752699}
2023-04-18 20:11:00.030202,99601.67010170934,93378.48921018021,6223.180891529133,-0.0039832989829066134,{'SPY': 17.117627339973037}
2023-04-19 20:11:00.030202,99678.68159439921,93378.48921018021,6300.192384219001,-0.0032131840560079006,{'SPY': 17.117627339973037}
2023-04-20 20:11:00.030202,99736.44406439249,97742.87043250451,1993.573631887979,-0.002635559356075068,{'SPY': 5.363645835777744}
2023-04-21 20:11:00.030202,99756.2306467932,97742.87043250451,2013.3602142886957,-0.0024376935320679083,{'SPY': 5.363645835777744}
2023-04-24 20:11:00.030202,99754.85347238538,99754.85347238538,0.0,-0.0024514652761461475,{'SPY': 0.0}
2023-04-25 20:11:00.030202,99752.85837531593,97757.76130586822,1995.0970694477146,-0.002471416246840663,{'SPY': 5.383069944634707}
2023-04-26 20:11:00.030202,99756.12448562919,97757.76130586822,1998.3631797609705,-0.00243875514370806,{'SPY': 5.383069944634707}
2023-04-27 20:11:00.030202,99734.84637761774,99734.84637761774,0.0,-0.002651536223822637,{'SPY': 0.0}
2023-04-28 20:11:00.030202,99732.85168069019,97738.15475313783,1994.6969275523588,-0.0026714831930980676,{'SPY': 5.344742431918349}
2023-05-01 20:11:00.030202,99729.44900554811,97738.15475313783,1991.2942524102837,-0.0027055099445189024,{'SPY': 5.344742431918349}
2023-05-02 20:11:00.030202,99703.81990254184,99703.81990254184,0.0,-0.002961800974581541,{'SPY': 0.0}
2023-05-03 20:11:00.030202,99703.81990254184,99703.81990254184,0.0,-0.002961800974581541,{'SPY': 0.0}
2023-05-04 20:11:00.030202,99701.82582614379,97707.74942809295,1994.0763980508345,-0.002981741738562138,{'SPY': 5.403903891367419}
2023-05-05 20:11:00.030202,99681.70806463133,93450.34395049734,6231.36411413399,-0.003182919353686753,{'SPY': 17.022289005890208}
2023-05-08 20:11:00.030202,99607.97042668576,93450.34395049734,6157.626476188423,-0.003920295733142454,{'SPY': 17.022289005890208}
2023-05-09 20:11:00.030202,99627.37404899292,99627.37404899292,0.0,-0.003726259510070773,{'SPY': 0.0}
2023-05-10 20:11:00.030202,99627.37404899292,99627.37404899292,0.0,-0.003726259510070773,{'SPY': 0.0}
2023-05-11 20:11:00.030202,99621.4213133935,93668.68571396617,5952.735599427324,-0.0037857868660650107,{'SPY': 16.436427896845466}
2023-05-12 20:11:00.030202,99578.41695979139,97585.98853352352,1992.4284262678702,-0.004215830402086174,{'SPY': 5.537763055038566}
2023-05-15 20:11:00.030202,99584.34795759324,99584.34795759324,0.0,-0.004156520424067556,{'SPY': 0.0}
2023-05-16 20:11:00.030202,99581.60938802442,96843.0398191906,2738.5695688338164,-0.004183906119755831,{'SPY': 7.745786239739068}
2023-05-17 20:11:00.030202,99525.16211088268,96843.0398191906,2682.1222916920815,-0.004748378891173188,{'SPY': 7.745786239739068}
2023-05-18 20:11:00.030202,99494.94428408722,99494.94428408722,0.0,-0.005050557159127833,{'SPY': 0.0}
2023-05-19 20:11:00.030202,99494.94428408722,99494.94428408722,0.0,-0.005050557159127833,{'SPY': 0.0}
2023-05-22 20:11:00.030202,99494.94428408722,99494.94428408722,0.0,-0.005050557159127833,{'SPY': 0.0}
2023-05-23 20:11:00.030202,99492.95438520153,97503.05549951979,1989.898885681745,-0.0050704561479846255,{'SPY': 5.664004904885306}
2023-05-24 20:11:00.030202,99515.3473575969,93297.0377085218,6218.30964907509,-0.00484652642403105,{'SPY': 17.46622704830078}
2023-05-25 20:11:00.030202,99499.3221092123,97509.01516206036,1990.3069471519411,-0.005006778907877041,{'SPY': 5.601087522086326}
2023-05-26 20:11:00.030202,99499.74954132541,97509.01516206036,1990.73437926505,-0.005002504586745893,{'SPY': 5.601087522086326}
2023-05-29 20:11:00.030202,99470.80836342894,97509.01516206036,1961.7932013685786,-0.005291916365710692,{'SPY': 5.601087522086326}
2023-05-30 20:11:00.030202,99471.24447586473,97509.01516206036,1962.2293138043751,-0.005287555241352715,{'SPY': 5.601087522086326}
2023-05-31 20:11:00.030202,99461.77465966524,99461.77465966524,0.0,-0.0053822534033475256,{'SPY': 0.0}
2023-06-01 20:11:00.030202,99459.78542417205,97470.54993097874,1989.2354931933078,-0.005402145758279464,{'SPY': 5.66972493004895}
2023-06-02 20:11:00.030202,99431.84599477352,93215.60940576278,6216.236589010747,-0.005681540052264733,{'SPY': 17.93106752342771}
2023-06-05 20:11:00.030202,99483.37982513105,93215.60940576278,6267.770419368273,-0.005166201748689536,{'SPY': 17.93106752342771}
2023-06-06 20:11:00.030202,99626.19120509135,97636.52360858873,1989.6675965026225,-0.003738087949086477,{'SPY': 5.561469106695931}
2023-06-07 20:11:00.030202,99619.7008702738,93393.06391995559,6226.636950318207,-0.003802991297262026,{'SPY': 17.424253722746368}
2023-06-08 20:11:00.030202,99660.33388453192,93393.06391995559,6267.269964576335,-0.0033966611546807357,{'SPY': 17.424253722746368}
2023-06-09 20:11:00.030202,99722.01201679124,99722.01201679124,0.0,-0.002779879832087606,{'SPY': 0.0}
2023-06-12 20:11:00.030202,99722.01201679124,99722.01201679124,0.0,-0.002779879832087606,{'SPY': 0.0}
2023-06-13 20:11:00.030202,99722.01201679124,99722.01201679124,0.0,-0.002779879832087606,{'SPY': 0.0}
2023-06-14 20:11:00.030202,99722.01201679124,99722.01201679124,0.0,-0.002779879832087606,{'SPY': 0.0}
2023-06-15 20:11:00.030202,99719.26966146077,96976.91433099902,2742.3553304617526,-0.002807303385392257,{'SPY': 7.535110669384742}
2023-06-16 20:11:00.030202,99686.13089811157,99686.13089811157,0.0,-0.00313869101888431,{'SPY': 0.0}
2023-06-19 20:11:00.030202,99684.13717549361,97690.41455753137,1993.7226179622376,-0.0031586282450638548,{'SPY': 5.534768788400688}
2023-06-20 20:11:00.030202,99700.02709365703,97690.41455753137,2009.6125361256563,-0.0029997290634297125,{'SPY': 5.534768788400688}
2023-06-21 20:11:00.030202,99742.72108482606,99742.72108482606,0.0,-0.0025727891517394186,{'SPY': 8.881784197001252e-16}
2023-06-22 20:11:00.030202,99740.72623040437,97745.87180870785,1994.8544216965238,-0.0025927376959563597,{'SPY': 5.295602526085188}
2023-06-23 20:11:00.030202,99806.15294080651,97745.87180870785,2060.2811320986657,-0.00193847059193486,{'SPY': 5.295602526085188}
2023-06-26 20:11:00.030202,99783.46880578886,97745.87180870785,2037.596997081011,-0.0021653119421114475,{'SPY': 5.295602526085188}
2023-06-27 20:11:00.030202,99811.1491729355,97745.87180870785,2065.277364227659,-0.0018885082706449063,{'SPY': 5.295602526085188}
2023-06-28 20:11:00.030202,99815.78960324875,99815.78960324875,0.0,-0.0018421039675124984,{'SPY': 0.0}
2023-06-29 20:11:00.030202,99815.78960324875,99815.78960324875,0.0,-0.0018421039675124984,{'SPY': 0.0}
2023-06-30 20:11:00.030202,99809.82560981995,93845.83218102583,5963.993428794114,-0.0019017439018005344,{'SPY': 14.924395272685532}
2023-07-03 20:11:00.030202,99737.68617330263,93845.83218102583,5891.853992276796,-0.0026231382669736902,{'SPY': 14.924395272685532}
2023-07-04 20:11:00.030202,99681.81726412375,99681.81726412375,0.0,-0.00318182735876249,{'SPY': 0.0}
2023-07-05 20:11:00.030202,99679.82362777846,97686.18728249599,1993.6363452824735,-0.003201763722215367,{'SPY': 5.258124922265616}
2023-07-06 20:11:00.030202,99665.09798115204,97686.18728249599,1978.910698656051,-0.003349020188479601,{'SPY': 5.258124922265616}
2023-07-07 20:11:00.030202,99641.59623399883,99641.59623399883,0.0,-0.0035840376600116963,{'SPY': 0.0}
2023-07-10 20:11:00.030202,99635.36863423421,93407.76886960928,6227.599764624931,-0.0036463136576578847,{'SPY': 16.68338813793408}
2023-07-11 20:11:00.030202,99664.14458727514,99664.14458727514,0.0,-0.003358554127248614,{'SPY': 0.0}
2023-07-12 20:11:00.030202,99662.15130438338,97668.86841263788,1993.2828917455045,-0.00337848695616616,{'SPY': 5.162158904395205}
2023-07-13 20:11:00.030202,99687.6327824241,93732.81924198719,5954.8135404369095,-0.003123672175758929,{'SPY': 15.197383266238774}
2023-07-14 20:11:00.030202,99635.16737570427,97641.41472005579,1993.7526556484809,-0.0036483262429573005,{'SPY': 5.13011956025599}
2023-07-17 20:11:00.030202,99607.32812119655,99607.32812119655,0.0,-0.003926718788034522,{'SPY': 0.0}
2023-07-18 20:11:00.030202,99605.33597463413,97613.1894122102,1992.1465624239354,-0.003946640253658651,{'SPY': 5.152779676830962}
2023-07-19 20:11:00.030202,99566.88057724088,97613.1894122102,1953.6911650306865,-0.004331194227591206,{'SPY': 5.152779676830962}
2023-07-20 20:11:00.030202,99619.52065539014,99619.52065539014,0.0,-0.003804793446098631,{'SPY': 0.0}
2023-07-21 20:11:00.030202,99617.52826497702,97625.13785186922,1992.3904131078016,-0.0038247173502297116,{'SPY': 5.020527589969551}
2023-07-24 20:11:00.030202,99602.52337922157,99602.52337922157,0.0,-0.003974766207784253,{'SPY': 0.0}
2023-07-25 20:11:00.030202,99596.29822151037,93371.14051030902,6225.157711201347,-0.004037017784896291,{'SPY': 16.197836262423735}
2023-07-26 20:11:00.030202,99721.46907075486,97729.54310632465,1991.9259644302074,-0.0027853092924514655,{'SPY': 5.077334045743353}
2023-07-27 20:11:00.030202,99719.04271036126,97729.54310632465,1989.4996040366095,-0.002809572896387391,{'SPY': 5.077334045743353}
2023-07-28 20:11:00.030202,99752.77197981179,93520.33181041421,6232.4401693975815,-0.00247228020188206,{'SPY': 15.607996381921588}
2023-07-31 20:11:00.030202,99602.73913175339,97607.68369215715,1995.055439596239,-0.003972608682466072,{'SPY': 5.116047712640707}
2023-08-01 20:11:00.030202,99583.82174730334,99583.82174730334,0.0,-0.004161782526966529,{'SPY': 0.0}
2023-08-02 20:11:00.030202,99583.82174730334,99583.82174730334,0.0,-0.004161782526966529,{'SPY': 0.0}
2023-08-03 20:11:00.030202,99583.82174730334,99583.82174730334,0.0,-0.004161782526966529,{'SPY': 0.0}
2023-08-04 20:11:00.030202,99577.59775844414,93353.60889923769,6223.988859206453,-0.004224022415558526,{'SPY': 16.16965557069801}
2023-08-07 20:11:00.030202,99638.85891847208,93353.60889923769,6285.250019234387,-0.00361141081527927,{'SPY': 16.16965557069801}
2023-08-08 20:11:00.030202,99537.15266207102,97544.37548370157,1992.777178369448,-0.004628473379289844,{'SPY': 5.207479184023475}
2023-08-09 20:11:00.030202,99531.90357422578,99531.90357422578,0.0,-0.004680964257742115,{'SPY': 0.0}
2023-08-10 20:11:00.030202,99531.90357422578,99531.90357422578,0.0,-0.004680964257742115,{'SPY': 0.0}
2023-08-11 20:11:00.030202,99531.90357422578,99531.90357422578,0.0,-0.004680964257742115,{'SPY': 0.0}
2023-08-14 20:11:00.030202,99531.90357422578,99531.90357422578,0.0,-0.004680964257742115,{'SPY': 0.0}
2023-08-15 20:11:00.030202,99531.90357422578,99531.90357422578,0.0,-0.004680964257742115,{'SPY': 0.0}
2023-08-16 20:11:00.030202,99529.9129361543,97539.27486466979,1990.6380714845145,-0.004700870638457033,{'SPY': 5.303335376643744}
2023-08-17 20:11:00.030202,99567.02935278852,99567.02935278852,0.0,-0.004329706472114725,{'SPY': 0.0}
2023-08-18 20:11:00.030202,99567.02935278852,99567.02935278852,0.0,-0.004329706472114725,{'SPY': 0.0}
2023-08-21 20:11:00.030202,99565.03801220146,97573.69742514568,1991.3405870557763,-0.004349619877985433,{'SPY': 5.230621064911602}
2023-08-22 20:11:00.030202,99612.36676077823,97573.69742514568,2038.6693356325413,-0.0038763323922177406,{'SPY': 5.230621064911602}
2023-08-23 20:11:00.030202,99614.88020438845,99614.88020438845,0.0,-0.0038511979561155485,{'SPY': 0.0}
2023-08-24 20:11:00.030202,99612.88790678437,97620.5903026966,1992.2976040877693,-0.0038711209321563578,{'SPY': 5.0091318997499865}
2023-08-25 20:11:00.030202,99615.90180921758,97620.5903026966,1995.3115065209859,-0.0038409819078242258,{'SPY': 5.0091318997499865}
2023-08-28 20:11:00.030202,99676.51898899622,99676.51898899622,0.0,-0.003234810110037789,{'SPY': 0.0}
2023-08-29 20:11:00.030202,99673.77788472403,96932.67361252663,2741.1042721973936,-0.003262221152759759,{'SPY': 6.497508702543063}
2023-08-30 20:11:00.030202,99662.17964822086,99662.17964822086,0.0,-0.0033782035177913894,{'SPY': 0.0}
2023-08-31 20:11:00.030202,99662.17964822086,99662.17964822086,0.0,-0.0033782035177913894,{'SPY': 0.0}
2023-09-01 20:11:00.030202,99656.22483298687,93701.40959900568,5954.815233981193,-0.0034377516701312727,{'SPY': 13.810202018857973}
2023-09-04 20:11:00.030202,99775.37141946905,99775.37141946905,0.0,-0.0022462858053095003,{'SPY': 0.0}
2023-09-05 20:11:00.030202,99775.37141946905,99775.37141946905,0.0,-0.0022462858053095003,{'SPY': 0.0}
2023-09-06 20:11:00.030202,99775.37141946905,99775.37141946905,0.0,-0.0022462858053095003,{'SPY': 0.0}
2023-09-07 20:11:00.030202,99772.62759675502,97028.80488271962,2743.8227140353993,-0.002273724032449853,{'SPY': 6.152409731323762}
2023-09-08 20:11:00.030202,99698.94165826312,99698.94165826312,0.0,-0.0030105834173687063,{'SPY': 0.0}
2023-09-11 20:11:00.030202,99698.94165826312,99698.94165826312,0.0,-0.0030105834173687063,{'SPY': 0.0}
2023-09-12 20:11:00.030202,99698.94165826312,99698.94165826312,0.0,-0.0030105834173687063,{'SPY': 0.0}
2023-09-13 20:11:00.030202,99692.71047440948,93461.52662076804,6231.183853641443,-0.0030728952559051503,{'SPY': 15.101244582502183}
2023-09-14 20:11:00.030202,99758.58561981375,97764.73141032556,1993.854209488185,-0.002414143801862556,{'SPY': 4.778277858478917}
2023-09-15 20:11:00.030202,99804.51476090563,97764.73141032556,2039.7833505800663,-0.0019548523909437288,{'SPY': 4.778277858478917}
2023-09-18 20:11:00.030202,99807.8017120729,97764.73141032556,2043.0703017473425,-0.0019219828792709226,{'SPY': 4.778277858478917}
2023-09-19 20:11:00.030202,99856.63988555787,99856.63988555787,0.0,-0.0014336011444212593,{'SPY': 0.0}
2023-09-20 20:11:00.030202,99856.63988555787,99856.63988555787,0.0,-0.0014336011444212593,{'SPY': 0.0}
2023-09-21 20:11:00.030202,99856.63988555787,99856.63988555787,0.0,-0.0014336011444212593,{'SPY': 0.0}
2023-09-22 20:11:00.030202,99856.63988555787,99856.63988555787,0.0,-0.0014336011444212593,{'SPY': 0.0}
2023-09-25 20:11:00.030202,99856.63988555787,99856.63988555787,0.0,-0.0014336011444212593,{'SPY': 0.0}
2023-09-26 20:11:00.030202,99850.6734513247,93884.23921816262,5966.4342331620865,-0.0014932654867528816,{'SPY': 14.168381291584925}
2023-09-27 20:11:00.030202,99664.84043350848,97667.82696448198,1997.0134690264968,-0.0033515956649152745,{'SPY': 4.891519273139348}
2023-09-28 20:11:00.030202,99661.17398908701,99661.17398908701,0.0,-0.003388260109129959,{'SPY': 0.0}
2023-09-29 20:11:00.030202,99661.17398908701,99661.17398908701,0.0,-0.003388260109129959,{'SPY': 0.0}
2023-10-02 20:11:00.030202,99658.43330680231,96917.75102210241,2740.6822846998984,-0.003415666931976924,{'SPY': 6.777819763717876}
2023-10-03 20:11:00.030202,99672.11746415924,99672.11746415924,0.0,-0.003278825358407622,{'SPY': 0.0}
2023-10-04 20:11:00.030202,99672.11746415924,99672.11746415924,0.0,-0.003278825358407622,{'SPY': 0.0}
2023-10-05 20:11:00.030202,99665.88795681772,93436.38061530777,6229.507341509947,-0.003341120431822775,{'SPY': 15.637789500101498}
2023-10-06 20:11:00.030202,99563.89338790695,99563.89338790695,0.0,-0.004361066120930457,{'SPY': 0.0}
2023-10-09 20:11:00.030202,99563.89338790695,99563.89338790695,0.0,-0.004361066120930457,{'SPY': 0.0}
2023-10-10 20:11:00.030202,99557.67064457021,93334.92730782603,6222.7433367441845,-0.004423293554297825,{'SPY': 15.64003266937289}
2023-10-11 20:11:00.030202,99468.77321343824,93334.92730782603,6133.845905612208,-0.005312267865617559,{'SPY': 15.64003266937289}
2023-10-12 20:11:00.030202,99512.03300223936,99512.03300223936,0.0,-0.00487966997760636,{'SPY': 0.0}
2023-10-13 20:11:00.030202,99510.04276157932,97519.80210153453,1990.2406600447866,-0.004899572384206796,{'SPY': 5.071927106834565}
2023-10-16 20:11:00.030202,99485.40020001,99485.40020001,0.0,-0.005145997999900009,{'SPY': 0.0}
2023-10-17 20:11:00.030202,99485.40020001,99485.40020001,0.0,-0.005145997999900009,{'SPY': 0.0}
2023-10-18 20:11:00.030202,99483.410492006,97493.7024880058,1989.7080040002038,-0.0051658950799399195,{'SPY': 5.2130257351781415}
2023-10-19 20:11:00.030202,99465.90716034293,99465.90716034293,0.0,-0.005340928396570632,{'SPY': 0.0}
2023-10-20 20:11:00.030202,99465.90716034293,99465.90716034293,0.0,-0.005340928396570632,{'SPY': 0.0}
2023-10-23 20:11:00.030202,99465.90716034293,99465.90716034293,0.0,-0.005340928396570632,{'SPY': 0.0}
2023-10-24 20:11:00.030202,99465.90716034293,99465.90716034293,0.0,-0.005340928396570632,{'SPY': 0.0}
2023-10-25 20:11:00.030202,99465.90716034293,99465.90716034293,0.0,-0.005340928396570632,{'SPY': 0.0}
2023-10-26 20:11:00.030202,99465.90716034293,99465.90716034293,0.0,-0.005340928396570632,{'SPY': 0.0}
2023-10-27 20:11:00.030202,99463.91784219972,97474.59969899287,1989.3181432068523,-0.005360821578002772,{'SPY': 5.22467393916621}
2023-10-30 20:11:00.030202,99454.08604302425,93237.59117788676,6216.494865137487,-0.005459139569757521,{'SPY': 16.372861657198666}
2023-10-31 20:11:00.030202,99508.18687993956,99508.18687993956,0.0,-0.004918131200604359,{'SPY': 0.0}
2023-11-01 20:11:00.030202,99508.18687993956,99508.18687993956,0.0,-0.004918131200604359,{'SPY': 0.0}
2023-11-02 20:11:00.030202,99502.24126577348,93556.6270996971,5945.614166076382,-0.004977587342265166,{'SPY': 15.442135094751368}
2023-11-03 20:11:00.030202,99449.9529882751,97459.90816295962,1990.0448253154755,-0.005500470117249079,{'SPY': 5.211010085030233}
2023-11-06 20:11:00.030202,99440.75470321895,99440.75470321895,0.0,-0.005592452967810524,{'SPY': 0.0}
2023-11-07 20:11:00.030202,99438.76588812488,97449.9507940605,1988.8150940643827,-0.005612341118751196,{'SPY': 5.410866358552641}
2023-11-08 20:11:00.030202,99392.61416486974,99392.61416486974,0.0,-0.006073858351302586,{'SPY': 0.0}
2023-11-09 20:11:00.030202,99392.61416486974,99392.61416486974,0.0,-0.006073858351302586,{'SPY': 0.0}
2023-11-10 20:11:00.030202,99392.61416486974,99392.61416486974,0.0,-0.006073858351302586,{'SPY': 0.0}
2023-11-13 20:11:00.030202,99392.61416486974,99392.61416486974,0.0,-0.006073858351302586,{'SPY': 0.0}
2023-11-14 20:11:00.030202,99392.61416486974,99392.61416486974,0.0,-0.006073858351302586,{'SPY': 0.0}
2023-11-15 20:11:00.030202,99386.40212648443,93174.36374118007,6212.03838530436,-0.0061359787351557005,{'SPY': 16.332680499361622}
2023-11-16 20:11:00.030202,99671.88572391715,97684.15768138746,1987.7280425296922,-0.0032811427608284705,{'SPY': 4.993039962460459}
2023-11-17 20:11:00.030202,99704.23864158272,99704.23864158272,0.0,-0.0029576135841727913,{'SPY': 0.0}
2023-11-20 20:11:00.030202,99704.23864158272,99704.23864158272,0.0,-0.0029576135841727913,{'SPY': 0.0}
2023-11-21 20:11:00.030202,99702.24455680989,97708.15978397823,1994.0847728316585,-0.002977554431901064,{'SPY': 5.000017820004817}
2023-11-22 20:11:00.030202,99653.24371604931,99653.24371604931,0.0,-0.003467562839506888,{'SPY': 0.0}
2023-11-23 20:11:00.030202,99651.250651175,97658.185776854,1993.0648743209895,-0.0034874934882500597,{'SPY': 5.10011851535295}
2023-11-24 20:11:00.030202,99629.63534206577,97658.185776854,1971.449565211762,-0.0037036465793423012,{'SPY': 5.10011851535295}
2023-11-27 20:11:00.030202,99584.5400510437,93631.66933935527,5952.8707116884325,-0.004154599489562982,{'SPY': 15.72767898856554}
2023-11-28 20:11:00.030202,99525.8755927416,97534.18479172073,1991.6908010208717,-0.004741244072583917,{'SPY': 5.31096560673136}
2023-11-29 20:11:00.030202,99490.29980778095,93269.9325832346,6220.367224546353,-0.005097001922190536,{'SPY': 16.851957534313605}
2023-11-30 20:11:00.030202,99650.8295993428,93269.9325832346,6380.897016108211,-0.0034917040065719496,{'SPY': 16.851957534313605}
2023-12-01 20:11:00.030202,99731.93636301484,99731.93636301484,0.0,-0.002680636369851608,{'SPY': 0.0}
2023-12-04 20:11:00.030202,99731.93636301484,99731.93636301484,0.0,-0.002680636369851608,{'SPY': 0.0}
2023-12-05 20:11:00.030202,99731.93636301484,99731.93636301484,0.0,-0.002680636369851608,{'SPY': 0.0}
2023-12-06 20:11:00.030202,99731.93636301484,99731.93636301484,0.0,-0.002680636369851608,{'SPY': 0.0}
2023-12-07 20:11:00.030202,99725.70311699215,93492.45709430373,6233.246022688429,-0.002742968830078407,{'SPY': 16.045625712181618}
2023-12-08 20:11:00.030202,99864.85107370187,99864.85107370187,0.0,-0.0013514892629813424,{'SPY': 0.0}
2023-12-11 20:11:00.030202,99862.8537766804,97865.55675520636,1997.2970214740344,-0.0013714622331960635,{'SPY': 4.981386707011735}
2023-12-12 20:11:00.030202,99830.80987503238,99830.80987503238,0.0,-0.0016919012496761088,{'SPY': 0.0}
2023-12-13 20:11:00.030202,99830.80987503238,99830.80987503238,0.0,-0.0016919012496761088,{'SPY': 0.0}
2023-12-14 20:11:00.030202,99830.80987503238,99830.80987503238,0.0,-0.0016919012496761088,{'SPY': 0.0}
2023-12-15 20:11:00.030202,99828.81325883488,97832.19706133423,1996.6161975006544,-0.0017118674116511912,{'SPY': 5.23864510699639}
2023-12-18 20:11:00.030202,99857.54988333107,97832.19706133423,2025.352821996843,-0.0014245011666893515,{'SPY': 5.23864510699639}
2023-12-19 20:11:00.030202,99916.57119545923,97832.19706133423,2084.374134124999,-0.0008342880454077495,{'SPY': 5.23864510699639}
2023-12-20 20:11:00.030202,99873.88631139087,97832.19706133423,2041.6892500566464,-0.0012611368860913075,{'SPY': 5.23864510699639}
2023-12-21 20:11:00.030202,99892.14827959586,97832.19706133423,2059.951218261631,-0.001078517204041396,{'SPY': 5.23864510699639}
2023-12-22 20:11:00.030202,99868.87149345835,93625.61222598361,6243.259267474743,-0.0013112850654164454,{'SPY': 16.02557262626591}
2023-12-25 20:11:00.030202,99826.37437209292,93625.61222598361,6200.762146109308,-0.0017362562790708136,{'SPY': 16.02557262626591}
2023-12-26 20:11:00.030202,99768.22658273103,99768.22658273103,0.0,-0.002317734172689656,{'SPY': 0.0}
2023-12-27 20:11:00.030202,99766.23121819938,97770.86668654476,1995.3645316546172,-0.002337687818006251,{'SPY': 5.266150737786038}
2023-12-28 20:11:00.030202,99768.6811754965,97770.86668654476,1997.8144889517425,-0.002313188245035014,{'SPY': 5.266150737786038}
2023-12-29 20:11:00.030202,99742.80490787508,99742.80490787508,0.0,-0.0025719509212491776,{'SPY': 0.0}
2024-01-01 20:11:00.030202,99736.57098256833,93502.64567582613,6233.925306742196,-0.0026342901743167113,{'SPY': 16.555890428009082}
